"Campaign name","Ad set name","Ad name",Age,Gender,"Result Type",Results,"CTR (all)","Result rate","Amount spent (INR)","Cost per result",Frequency,"CPM (cost per 1,000 impressions)",Impressions,"Clicks (all)","Reporting starts","Reporting ends"
"CV - Franchise Lead Generation - Phase II - 3 Nov",Remarketing,"Image-Partner with us today!",25-34,male,"On-Facebook leads",23,1.27618467,0.11694122432377,1834.36,79.754782608696,3.3957182320442,93.26621924,19668,251,2019-11-01,2019-12-03
"CV - Franchise Lead Generation - Phase II - 3 Nov","IT Professionals","Image-Minimum Investment & Maximum Profit",25-34,male,"On-Facebook leads",37,1.91136316,0.19428691451376,1998.87,54.023513513514,2.9388888888889,104.96061752,19044,364,2019-11-01,2019-12-03
"CV - Franchise Lead Generation - Phase II - 3 Nov",Remarketing,"Image-Partner with us today!",18-24,male,"On-Facebook leads",26,1.40761594,0.19262112905616,1142.54,43.943846153846,3.1804901036758,84.64513261,13498,190,2019-11-01,2019-12-03
"CV - Franchise Lead Generation - Phase II - 3 Nov",Remarketing,"Image-Minimum Investment & Maximum Profit",25-34,male,"On-Facebook leads",35,2.85825243,0.27184466019417,1583.98,45.256571428571,2.7150991142978,123.02757282,12875,368,2019-11-01,2019-12-03
"CV - Franchise Lead Generation - Phase II - 3 Nov","Business Owners","Image-Minimum Investment & Maximum Profit",25-34,male,"On-Facebook leads",19,1.73548773,0.16243481234505,1274.856312709,67.097700668896,2.3813110749186,108.99002417,11697,203,2019-11-01,2019-12-03
"CV - Franchise Lead Generation - Phase II - 3 Nov","IT Professionals","Image-Minimum Investment & Maximum Profit",35-44,male,"On-Facebook leads",25,2.01546347,0.21718356354791,1327.92,53.1168,2.5694196428571,115.36095908,11511,232,2019-11-01,2019-12-03
"CV - Franchise Lead Generation - Phase II - 3 Nov",Remarketing,"Image-Minimum Investment & Maximum Profit",25-34,male,"On-Facebook leads",29,2.54832195,0.27887296855467,1136.62,39.193793103448,2.8273518216422,109.30089432,10399,265,2019-11-01,2019-12-03
"CV - Franchise Lead Generation - Phase II - 3 Nov",Remarketing,"Image-No. 1 Franchise Opportunity",18-24,male,"On-Facebook leads",9,0.93962415,0.089964014394242,773.33,85.925555555556,2.3875894988067,77.30207917,10004,94,2019-11-01,2019-12-03
"CV - Franchise Lead Generation - Phase II - 3 Nov","Business Owners","Image-Minimum Investment & Maximum Profit",35-44,male,"On-Facebook leads",18,2.04147071,0.19238991021804,1119.201646746,62.177869263666,2.0977578475336,119.62394685,9356,191,2019-11-01,2019-12-03
"CV - Franchise Lead Generation - Phase II - 3 Nov","Business Owners","Video-No. 1 Franchise Opportunity",35-44,male,"On-Facebook leads",12,2.13297027,0.13614703880191,989.07,82.4225,2.4689075630252,112.21579306,8814,188,2019-11-01,2019-12-03
"CV - Franchise Lead Generation - Phase II - 3 Nov",Remarketing,"Image-No. 1 Franchise Opportunity",25-34,male,"On-Facebook leads",15,2.37028302,0.17688679245283,972.42,64.828,2.3981900452489,114.67216981,8480,201,2019-11-01,2019-12-03
"CV - Franchise Lead Generation - Phase II - 3 Nov",Remarketing,"Image-Minimum Investment & Maximum Profit",18-24,male,"On-Facebook leads",21,2.20200422,0.27689873417722,771.9,36.757142857143,2.2638805970149,101.78006329,7584,167,2019-11-01,2019-12-03
"CV - Franchise Lead Generation - Phase II - 3 Nov",Remarketing,"Image-No. 1 Franchise Opportunity",25-34,male,"On-Facebook leads",13,1.81333333,0.17333333333333,754.1,58.007692307692,1.9788918205805,100.54666667,7500,136,2019-11-01,2019-12-03
"CV - Franchise Lead Generation - Phase II - 3 Nov",Remarketing,"Video-Own a Chicken Store Today",25-34,male,"On-Facebook leads",9,3.56353591,0.12430939226519,860.92,95.657777777778,2.9454841334418,118.91160221,7240,258,2019-11-01,2019-12-03
"CV - Franchise Lead Generation - Phase II - 3 Nov","Business Owners","Image-No. 1 Franchise Opportunity",25-34,male,"On-Facebook leads",12,1.81598063,0.181598062954,704.44,58.703333333333,1.936694021102,106.60411622,6608,120,2019-11-01,2019-12-03
"CV - Franchise Lead Generation - Phase II - 3 Nov","Business Owners","Image-60+ Franchise Stores across Maharashtra",25-34,male,"On-Facebook leads",15,1.78923427,0.22744503411676,871.31,58.087333333333,1.853569421023,132.11675512,6595,118,2019-11-01,2019-12-03
"CV - Franchise Lead Generation - Phase II - 3 Nov","Business Owners","Video-No. 1 Franchise Opportunity",25-34,male,"On-Facebook leads",7,1.57179918,0.1068213032199,732.99,104.71285714286,2.5011450381679,111.85563864,6553,103,2019-11-01,2019-12-03
"CV - Franchise Lead Generation - Phase II - 3 Nov",Remarketing,"Image-60+ Franchise Stores across Maharashtra",25-34,male,"On-Facebook leads",14,1.6689847,0.21634986864472,961.73,68.695,1.8616225546605,148.62154227,6471,108,2019-11-01,2019-12-03
"CV - Franchise Lead Generation - Phase II - 3 Nov",Remarketing,"Image-60+ Franchise Stores across Maharashtra",25-34,male,"On-Facebook leads",9,2.34326505,0.13966480446927,682.88,75.875555555556,2.1595174262735,105.97144631,6444,151,2019-11-01,2019-12-03
"CV - Franchise Lead Generation - Phase II - 3 Nov",Remarketing,"Image-60+ Franchise Stores across Maharashtra",25-34,male,"On-Facebook leads",13,1.40077821,0.20233463035019,585.93,45.071538461538,2.0229848866499,91.19533074,6425,90,2019-11-01,2019-12-03
"CV - Franchise Lead Generation - Phase II - 3 Nov",Remarketing,"Image-60+ Franchise Stores across Maharashtra",18-24,male,"On-Facebook leads",14,1.7377313,0.22526146419952,660.41,47.172142857143,1.9544025157233,106.26065969,6215,108,2019-11-01,2019-12-03
"CV - Franchise Lead Generation - Phase II - 3 Nov",Remarketing,"Image-Minimum Investment & Maximum Profit",25-34,male,"On-Facebook leads",13,2.31039679,0.21764607399967,635.08,48.852307692308,2.0192697768763,106.32512975,5973,138,2019-11-01,2019-12-03
"CV - Franchise Lead Generation - Phase II - 3 Nov","Business Owners","Image-No. 1 Franchise Opportunity",35-44,male,"On-Facebook leads",6,1.56555773,0.106742572496,616.97,102.82833333333,1.8273732119636,109.76160825,5621,88,2019-11-01,2019-12-03
"CV - Franchise Lead Generation - Phase II - 3 Nov",Remarketing,"Image-Minimum Investment & Maximum Profit",18-24,male,"On-Facebook leads",11,2.36163692,0.19830539030106,491.77,44.706363636364,2.5421631530706,88.6551289,5547,131,2019-11-01,2019-12-03
"CV - Franchise Lead Generation - Phase II - 3 Nov",Remarketing,"Image-Partner with us today!",35-44,male,"On-Facebook leads",8,1.98165138,0.14678899082569,468.93,58.61625,2.9238197424893,86.04220183,5450,108,2019-11-01,2019-12-03
"CV - Franchise Lead Generation - Phase II - 3 Nov","IT Professionals","Image-60+ Franchise Stores across Maharashtra",25-34,male,"On-Facebook leads",6,0.9762309,0.12733446519525,506.24,84.373333333333,1.8327499027616,107.43633277,4712,46,2019-11-01,2019-12-03
"CV - Franchise Lead Generation - Phase II - 3 Nov",Remarketing,"Video-Own a Chicken Store Today",35-44,male,"On-Facebook leads",12,4.65838509,0.2661934338953,575.51,47.959166666667,3.2017045454545,127.66415262,4508,210,2019-11-01,2019-12-03
"CV - Franchise Lead Generation - Phase II - 3 Nov",Remarketing,"Image-60+ Franchise Stores across Maharashtra",18-24,male,"On-Facebook leads",3,1.22576332,0.066859817249833,374.4,124.8,1.9441074523397,83.44105193,4487,55,2019-11-01,2019-12-03
"CV - Franchise Lead Generation - Phase II - 3 Nov",Remarketing,"Image-Minimum Investment & Maximum Profit",35-44,male,"On-Facebook leads",17,3.5666218,0.38133692238672,549.58,32.328235294118,2.524348810872,123.27949753,4458,159,2019-11-01,2019-12-03
"CV - Franchise Lead Generation - Phase II - 3 Nov",Remarketing,"Image-No. 1 Franchise Opportunity",18-24,male,"On-Facebook leads",7,1.57678245,0.1599634369287,385.77,55.11,1.962331838565,88.15585009,4376,69,2019-11-01,2019-12-03
"CV - Franchise Lead Generation - Phase II - 3 Nov","Business Owners","Image-60+ Franchise Stores across Maharashtra",35-44,male,"On-Facebook leads",14,2.62668526,0.325430032543,705.78,50.412857142857,1.6648606811146,164.05857741,4302,113,2019-11-01,2019-12-03
"CV - Franchise Lead Generation - Phase II - 3 Nov",Remarketing,"Image-Own a Chicken Store Today",18-24,male,"On-Facebook leads",9,1.14033046,0.20944845240866,359.68,39.964444444444,1.7396761133603,83.7049104,4297,49,2019-11-01,2019-12-03
"CV - Franchise Lead Generation - Phase II - 3 Nov",Remarketing,"Image-Minimum Investment & Maximum Profit",35-44,male,"On-Facebook leads",10,3.714565,0.24437927663734,482.22,48.222,2.7135278514589,117.84457478,4092,152,2019-11-01,2019-12-03
"CV - Franchise Lead Generation - Phase II - 3 Nov",Remarketing,"Image-No. 1 Franchise Opportunity",35-44,male,"On-Facebook leads",8,2.45218244,0.1961745953899,454.89,56.86125,2.5908513341804,111.54732712,4078,100,2019-11-01,2019-12-03
"CV - Franchise Lead Generation - Phase II - 3 Nov",Remarketing,"Image-No. 1 Franchise Opportunity",25-34,male,"On-Facebook leads",7,2.47303341,0.1841620626151,385.02,55.002857142857,1.7878645343368,101.29439621,3801,94,2019-11-01,2019-12-03
"CV - Franchise Lead Generation - Phase II - 3 Nov",Remarketing,"Video-Own a Chicken Store Today",18-24,male,"On-Facebook leads",4,2.5801195,0.10863661053775,302.34,75.585,2.3909090909091,82.11298207,3682,95,2019-11-01,2019-12-03
"CV - Franchise Lead Generation - Phase II - 3 Nov",Remarketing,"Image-60+ Franchise Stores across Maharashtra",35-44,male,"On-Facebook leads",8,3.10142498,0.22352612461581,390.05,48.75625,2.2424812030075,108.98295613,3579,111,2019-11-01,2019-12-03
"CV - Franchise Lead Generation - Phase II - 3 Nov",Remarketing,"Image-Minimum Investment & Maximum Profit",25-34,male,"On-Facebook leads",4,1.4522219,0.1161777519605,306.12,76.53,1.789501039501,88.91083358,3443,50,2019-11-01,2019-12-03
"CV - Franchise Lead Generation - Phase II - 3 Nov","Business Owners","Video-No. 1 Franchise Opportunity",45-54,male,"On-Facebook leads",6,2.27494313,0.19499512512187,413.08,68.846666666667,2.7522361359571,134.24764381,3077,70,2019-11-01,2019-12-03
"CV - Franchise Lead Generation - Phase II - 3 Nov",Remarketing,"Image-Minimum Investment & Maximum Profit",35-44,male,"On-Facebook leads",8,2.24536284,0.26033192320208,334.98,41.8725,2.084803256445,109.00748454,3073,69,2019-11-01,2019-12-03
"CV - Franchise Lead Generation - Phase II - 3 Nov","Business Owners","Image-Own a Chicken Store Today",25-34,male,"On-Facebook leads",7,1.90605854,0.23825731790334,370.32,52.902857142857,1.4966887417219,126.04492852,2938,56,2019-11-01,2019-12-03
"CV - Franchise Lead Generation - Phase II - 3 Nov",Remarketing,"Image-Own a Chicken Store Today",25-34,male,"On-Facebook leads",4,1.29776496,0.14419610670512,305.02,76.255,1.5436839176405,109.95674117,2774,36,2019-11-01,2019-12-03
"CV - Franchise Lead Generation - Phase II - 3 Nov","IT Professionals","Image-60+ Franchise Stores across Maharashtra",35-44,male,"On-Facebook leads",2,1.16550117,0.077700077700078,323.8,161.9,1.6923076923077,125.7964258,2574,30,2019-11-01,2019-12-03
"CV - Franchise Lead Generation - Phase II - 3 Nov",Remarketing,"Image-Minimum Investment & Maximum Profit",18-24,male,"On-Facebook leads",8,1.95042666,0.32507110930516,207.81,25.97625,1.7306610407876,84.44128403,2461,48,2019-11-01,2019-12-03
"CV - Franchise Lead Generation - Phase II - 3 Nov",Remarketing,"Image-Minimum Investment & Maximum Profit",18-24,male,"On-Facebook leads",4,1.2908778,0.17211703958692,192.63,48.1575,1.7356235997013,82.88726334,2324,30,2019-11-01,2019-12-03
"CV - Franchise Lead Generation - Phase II - 3 Nov","Business Owners","Image-Minimum Investment & Maximum Profit",45-54,male,"On-Facebook leads",3,1.97976243,0.13198416190057,298.32977671473,99.443258904911,2.0588768115942,131.24935183,2273,45,2019-11-01,2019-12-03
"CV - Franchise Lead Generation - Phase II - 3 Nov","IT Professionals","Video-No. 1 Franchise Opportunity",25-34,male,"On-Facebook leads",5,1.47689376,0.23820867079562,307.19,61.438,1.778813559322,146.35064316,2099,31,2019-11-01,2019-12-03
"CV - Franchise Lead Generation - Phase II - 3 Nov","IT Professionals","Image-Minimum Investment & Maximum Profit",45-54,male,"On-Facebook leads",2,2.0782987,0.096665055582407,251.37,125.685,3.0072674418605,121.49347511,2069,43,2019-11-01,2019-12-03
"CV - Franchise Lead Generation - Phase II - 3 Nov",Remarketing,"Image-60+ Franchise Stores across Maharashtra",18-24,male,"On-Facebook leads",3,1.66340509,0.146771037182,168.99,56.33,1.8752293577982,82.67612524,2044,34,2019-11-01,2019-12-03
"CV - Franchise Lead Generation - Phase II - 3 Nov",Remarketing,"Image-No. 1 Franchise Opportunity",35-44,male,"On-Facebook leads",1,2.46602919,0.050327126321087,210.97,210.97,1.8570093457944,106.1751384,1987,49,2019-11-01,2019-12-03
"CV - Franchise Lead Generation - Phase II - 3 Nov","IT Professionals","Video-No. 1 Franchise Opportunity",35-44,male,"On-Facebook leads",6,1.54479918,0.30895983522142,349.6,58.266666666667,1.7216312056738,180.02059732,1942,30,2019-11-01,2019-12-03
"CV - Franchise Lead Generation - Phase II - 3 Nov",Remarketing,"Image-Own a Chicken Store Today",25-34,male,"On-Facebook leads",1,1.16959064,0.053163211057948,267.14,267.14,1.7225274725275,142.02020202,1881,22,2019-11-01,2019-12-03
"CV - Franchise Lead Generation - Phase II - 3 Nov","Business Owners","Image-Own a Chicken Store Today",35-44,male,"On-Facebook leads",4,2.18666667,0.21333333333333,280.94,70.235,1.425855513308,149.83466667,1875,41,2019-11-01,2019-12-03
"CV - Franchise Lead Generation - Phase II - 3 Nov","IT Professionals","Image-Own a Chicken Store Today",25-34,male,"On-Facebook leads",5,1.35977337,0.28328611898017,278.84,55.768,1.5730837789661,157.98300283,1765,24,2019-11-01,2019-12-03
"CV - Franchise Lead Generation - Phase II - 3 Nov",Remarketing,"Image-Own a Chicken Store Today",18-24,male,"On-Facebook leads",2,1.14182692,0.12019230769231,162.18,81.09,1.7702127659574,97.46394231,1664,19,2019-11-01,2019-12-03
"CV - Franchise Lead Generation - Phase II - 3 Nov",Remarketing,"Image-60+ Franchise Stores across Maharashtra",35-44,male,,,0.90415913,,145.41,,1.8032608695652,87.64918626,1659,15,2019-11-01,2019-12-03
"CV - Franchise Lead Generation - Phase II - 3 Nov","Business Owners","Image-No. 1 Franchise Opportunity",45-54,male,"On-Facebook leads",3,2.29671012,0.18621973929236,176.4,58.8,1.8348519362187,109.4972067,1611,37,2019-11-01,2019-12-03
"CV - Franchise Lead Generation - Phase II - 3 Nov",Remarketing,"Image-No. 1 Franchise Opportunity",35-44,male,"On-Facebook leads",3,3.49750178,0.21413276231263,155.83,51.943333333333,1.6215277777778,111.2276945,1401,49,2019-11-01,2019-12-03
"CV - Franchise Lead Generation - Phase II - 3 Nov",Remarketing,"Image-60+ Franchise Stores across Maharashtra",35-44,male,,,1.78716491,,265.99,,1.7387005649718,216.07636068,1231,22,2019-11-01,2019-12-03
"CV - Franchise Lead Generation - Phase II - 3 Nov","Business Owners","Image-60+ Franchise Stores across Maharashtra",45-54,male,"On-Facebook leads",3,3.34841629,0.27149321266968,239.13,79.71,1.7708333333333,216.40723982,1105,37,2019-11-01,2019-12-03
"CV - Franchise Lead Generation - Phase II - 3 Nov","IT Professionals","Image-Partner with us today!",25-34,male,"On-Facebook leads",1,0.9380863,0.093808630393996,125.25,125.25,1.3047735618115,117.49530957,1066,10,2019-11-01,2019-12-03
"CV - Franchise Lead Generation - Phase II - 3 Nov",Remarketing,"Image-Minimum Investment & Maximum Profit",35-44,male,"On-Facebook leads",1,1.57790927,0.09861932938856,89.79,89.79,1.6843853820598,88.55029586,1014,16,2019-11-01,2019-12-03
"CV - Franchise Lead Generation - Phase II - 3 Nov",Remarketing,"Image-No. 1 Franchise Opportunity",18-24,male,,,1.1,,74.14,,1.5503875968992,74.14,1000,11,2019-11-01,2019-12-03
"CV - Franchise Lead Generation - Phase II - 3 Nov","IT Professionals","Image-Own a Chicken Store Today",35-44,male,"On-Facebook leads",5,2.17166494,0.51706308169597,211.58,42.316,1.5300632911392,218.80041365,967,21,2019-11-01,2019-12-03
"CV - Franchise Lead Generation - Phase II - 3 Nov",Housewives,"Image-No. 1 Franchise Opportunity",35-44,female,"On-Facebook leads",1,1.49425287,0.11494252873563,131.22,131.22,2.0665083135392,150.82758621,870,13,2019-11-01,2019-12-03
"CV - Franchise Lead Generation - Phase II - 3 Nov","Business Owners","Video-No. 1 Franchise Opportunity",55-64,male,"On-Facebook leads",1,3.32056194,0.12771392081737,122.08,122.08,2.3871951219512,155.91315453,783,26,2019-11-01,2019-12-03
"CV - Franchise Lead Generation - Phase II - 3 Nov",Remarketing,"Video-Own a Chicken Store Today",45-54,male,"On-Facebook leads",4,7.90513834,0.5270092226614,146.27,36.5675,3.1106557377049,192.7140975,759,60,2019-11-01,2019-12-03
"CV - Franchise Lead Generation - Phase II - 3 Nov",Remarketing,"Image-Partner with us today!",45-54,male,,,2.27272727,,78.77,,2.7076923076923,111.88920455,704,16,2019-11-01,2019-12-03
"CV - Franchise Lead Generation - Phase II - 3 Nov",Remarketing,"Image-Minimum Investment & Maximum Profit",45-54,male,"On-Facebook leads",2,4.17867435,0.28818443804035,127.78,63.89,2.5703703703704,184.12103746,694,29,2019-11-01,2019-12-03
"CV - Franchise Lead Generation - Phase II - 3 Nov",Remarketing,"Image-No. 1 Franchise Opportunity",45-54,male,"On-Facebook leads",2,4.06626506,0.30120481927711,124.51,62.255,2.4233576642336,187.51506024,664,27,2019-11-01,2019-12-03
"CV - Franchise Lead Generation - Phase II - 3 Nov",Housewives,"Image-No. 1 Franchise Opportunity",25-34,female,"On-Facebook leads",3,2.85714286,0.50420168067227,82.32,27.44,1.8769716088328,138.35294118,595,17,2019-11-01,2019-12-03
"CV - Franchise Lead Generation - Phase II - 3 Nov","IT Professionals","Image-Partner with us today!",35-44,male,,,0.55045872,,69.53,,1.2471395881007,127.57798165,545,3,2019-11-01,2019-12-03
"CV - Franchise Lead Generation - Phase II - 3 Nov",Remarketing,"Image-60+ Franchise Stores across Maharashtra",45-54,male,"On-Facebook leads",3,6.71641791,0.55970149253731,80.78,26.926666666667,2.144,150.70895522,536,36,2019-11-01,2019-12-03
"CV - Franchise Lead Generation - Phase II - 3 Nov","IT Professionals","Video-No. 1 Franchise Opportunity",45-54,male,"On-Facebook leads",1,1.71428571,0.19047619047619,114.13,114.13,1.8292682926829,217.39047619,525,9,2019-11-01,2019-12-03
"CV - Franchise Lead Generation - Phase II - 3 Nov",Remarketing,"Image-Minimum Investment & Maximum Profit",45-54,male,"On-Facebook leads",3,5.91603053,0.57251908396947,85.82,28.606666666667,2.1129032258065,163.77862595,524,31,2019-11-01,2019-12-03
"CV - Franchise Lead Generation - Phase II - 3 Nov",Remarketing,"Image-Minimum Investment & Maximum Profit",45-54,male,"On-Facebook leads",2,3.08880309,0.38610038610039,78.34,39.17,2.072,151.23552124,518,16,2019-11-01,2019-12-03
"CV - Franchise Lead Generation - Phase II - 3 Nov","Business Owners","Image-Own a Chicken Store Today",45-54,male,"On-Facebook leads",2,3.1496063,0.39370078740157,97.54,48.77,1.430985915493,192.00787402,508,16,2019-11-01,2019-12-03
"CV - Franchise Lead Generation - Phase II - 3 Nov","IT Professionals","Image-60+ Franchise Stores across Maharashtra",45-54,male,,,0.20661157,,65.08,,1.6575342465753,134.46280992,484,1,2019-11-01,2019-12-03
"CV - Franchise Lead Generation - Phase II - 3 Nov",Remarketing,"Image-Partner with us today!",25-34,female,,,0.63291139,,51.71,,3.0384615384615,109.092827,474,3,2019-11-01,2019-12-03
"CV - Franchise Lead Generation - Phase II - 3 Nov","IT Professionals","Image-Minimum Investment & Maximum Profit",25-34,female,"On-Facebook leads",2,3.44827586,0.43103448275862,80.19,40.095,1.9016393442623,172.82327586,464,16,2019-11-01,2019-12-03
"CV - Franchise Lead Generation - Phase II - 3 Nov","Business Owners","Image-Minimum Investment & Maximum Profit",55-64,male,"On-Facebook leads",1,2.5862069,0.21551724137931,84.387108188497,84.387108188497,1.7846153846154,181.86876765,464,12,2019-11-01,2019-12-03
"CV - Franchise Lead Generation - Phase II - 3 Nov",Remarketing,"Image-Own a Chicken Store Today",35-44,male,"On-Facebook leads",1,1.48148148,0.24691358024691,66.21,66.21,1.5882352941176,163.48148148,405,6,2019-11-01,2019-12-03
"CV - Franchise Lead Generation - Phase II - 3 Nov","IT Professionals","Image-Minimum Investment & Maximum Profit",55-64,male,"On-Facebook leads",1,3.45679012,0.24691358024691,37.66,37.66,2.025,92.98765432,405,14,2019-11-01,2019-12-03
"CV - Franchise Lead Generation - Phase II - 3 Nov",Remarketing,"Image-No. 1 Franchise Opportunity",45-54,male,"On-Facebook leads",1,2.83286119,0.28328611898017,50.61,50.61,1.9720670391061,143.37110482,353,10,2019-11-01,2019-12-03
"CV - Franchise Lead Generation - Phase II - 3 Nov","Business Owners","Image-No. 1 Franchise Opportunity",55-64,male,"On-Facebook leads",1,4.11764706,0.29411764705882,43,43,1.9540229885057,126.47058824,340,14,2019-11-01,2019-12-03
"CV - Franchise Lead Generation - Phase II - 3 Nov",Remarketing,"Image-Minimum Investment & Maximum Profit",25-34,female,"On-Facebook leads",1,4.17910448,0.29850746268657,52.51,52.51,2.3928571428571,156.74626866,335,14,2019-11-01,2019-12-03
"CV - Franchise Lead Generation - Phase II - 3 Nov","Business Owners","Image-Minimum Investment & Maximum Profit",35-44,female,"On-Facebook leads",2,4.10094637,0.63091482649842,59.827949791655,29.913974895828,1.686170212766,188.73170281,317,13,2019-11-01,2019-12-03
"CV - Franchise Lead Generation - Phase II - 3 Nov",Remarketing,"Image-Own a Chicken Store Today",35-44,male,"On-Facebook leads",2,4.93421053,0.65789473684211,47.43,23.715,1.2827004219409,156.01973684,304,15,2019-11-01,2019-12-03
"CV - Franchise Lead Generation - Phase II - 3 Nov","IT Professionals","Image-Minimum Investment & Maximum Profit",35-44,female,"On-Facebook leads",2,3.87323944,0.70422535211268,55.09,27.545,1.775,193.97887324,284,11,2019-11-01,2019-12-03
"CV - Franchise Lead Generation - Phase II - 3 Nov",Housewives,"Image-Minimum Investment & Maximum Profit",35-44,female,"On-Facebook leads",2,3.38345865,0.75187969924812,48.79,24.395,1.546511627907,183.42105263,266,9,2019-11-01,2019-12-03
"CV - Franchise Lead Generation - Phase II - 3 Nov","IT Professionals","Image-Minimum Investment & Maximum Profit",65+,male,,,0.37593985,,20.01,,3.0227272727273,75.22556391,266,1,2019-11-01,2019-12-03
"CV - Franchise Lead Generation - Phase II - 3 Nov","Business Owners","Video-No. 1 Franchise Opportunity",65+,male,,,1.13636364,,44.03,,2.5384615384615,166.78030303,264,3,2019-11-01,2019-12-03
"CV - Franchise Lead Generation - Phase II - 3 Nov",Housewives,"Image-No. 1 Franchise Opportunity",45-54,female,,,2.74509804,,39.4,,2.1074380165289,154.50980392,255,7,2019-11-01,2019-12-03
"CV - Franchise Lead Generation - Phase II - 3 Nov",Remarketing,"Image-Minimum Investment & Maximum Profit",35-44,female,,,1.65975104,,34.97,,2.1517857142857,145.10373444,241,4,2019-11-01,2019-12-03
"CV - Franchise Lead Generation - Phase II - 3 Nov","Business Owners","Image-Minimum Investment & Maximum Profit",25-34,female,,,0.87336245,,37.498714978891,,2.0446428571429,163.74984707,229,2,2019-11-01,2019-12-03
"CV - Franchise Lead Generation - Phase II - 3 Nov","Business Owners","Image-No. 1 Franchise Opportunity",35-44,female,,,1.31578947,,45.39,,1.7272727272727,199.07894737,228,3,2019-11-01,2019-12-03
"CV - Franchise Lead Generation - Phase II - 3 Nov","Business Owners","Image-60+ Franchise Stores across Maharashtra",35-44,female,,,0.9478673,,41.72,,1.5984848484848,197.72511848,211,2,2019-11-01,2019-12-03
"CV - Franchise Lead Generation - Phase II - 3 Nov","Business Owners","Image-60+ Franchise Stores across Maharashtra",55-64,male,"On-Facebook leads",1,5.55555556,0.50505050505051,49.85,49.85,1.3561643835616,251.76767677,198,11,2019-11-01,2019-12-03
"CV - Franchise Lead Generation - Phase II - 3 Nov",Remarketing,"Image-60+ Franchise Stores across Maharashtra",45-54,male,"On-Facebook leads",1,3.58974359,0.51282051282051,47.8,47.8,1.7105263157895,245.12820513,195,7,2019-11-01,2019-12-03
"CV - Franchise Lead Generation - Phase II - 3 Nov",Remarketing,"Image-60+ Franchise Stores across Maharashtra",45-54,male,,,0.51282051,,22.74,,1.4338235294118,116.61538462,195,1,2019-11-01,2019-12-03
"CV - Franchise Lead Generation - Phase II - 3 Nov","IT Professionals","Image-Own a Chicken Store Today",45-54,male,,,0.51813472,,31.43,,1.787037037037,162.84974093,193,1,2019-11-01,2019-12-03
"CV - Franchise Lead Generation - Phase II - 3 Nov",Remarketing,"Image-No. 1 Franchise Opportunity",45-54,male,"On-Facebook leads",1,4.27807487,0.53475935828877,32.39,32.39,1.640350877193,173.20855615,187,8,2019-11-01,2019-12-03
"CV - Franchise Lead Generation - Phase II - 3 Nov",Remarketing,"Image-No. 1 Franchise Opportunity",25-34,female,"On-Facebook leads",1,3.86740331,0.5524861878453,23.35,23.35,1.8469387755102,129.00552486,181,7,2019-11-01,2019-12-03
"CV - Franchise Lead Generation - Phase II - 3 Nov",Remarketing,"Image-Partner with us today!",35-44,female,,,0.58139535,,25.21,,1.8695652173913,146.56976744,172,1,2019-11-01,2019-12-03
"CV - Franchise Lead Generation - Phase II - 3 Nov","Business Owners","Image-60+ Franchise Stores across Maharashtra",25-34,female,"On-Facebook leads",1,2.3255814,0.58139534883721,35.81,35.81,1.6538461538462,208.19767442,172,4,2019-11-01,2019-12-03
"CV - Franchise Lead Generation - Phase II - 3 Nov",Remarketing,"Image-Partner with us today!",18-24,female,"On-Facebook leads",1,1.17647059,0.58823529411765,18.93,18.93,1.5178571428571,111.35294118,170,2,2019-11-01,2019-12-03
"CV - Franchise Lead Generation - Phase II - 3 Nov",Remarketing,"Video-Own a Chicken Store Today",25-34,female,,,2.38095238,,23.84,,2.3333333333333,141.9047619,168,4,2019-11-01,2019-12-03
"CV - Franchise Lead Generation - Phase II - 3 Nov","Business Owners","Image-No. 1 Franchise Opportunity",25-34,female,"On-Facebook leads",1,4.29447853,0.61349693251534,23.5,23.5,1.4051724137931,144.17177914,163,7,2019-11-01,2019-12-03
"CV - Franchise Lead Generation - Phase II - 3 Nov",Remarketing,"Image-60+ Franchise Stores across Maharashtra",25-34,female,,,0.61349693,,21.58,,1.7340425531915,132.39263804,163,1,2019-11-01,2019-12-03
"CV - Franchise Lead Generation - Phase II - 3 Nov",Remarketing,"Image-No. 1 Franchise Opportunity",25-34,female,,,1.2345679,,21.09,,1.7608695652174,130.18518519,162,2,2019-11-01,2019-12-03
"CV - Franchise Lead Generation - Phase II - 3 Nov",Remarketing,"Image-No. 1 Franchise Opportunity",18-24,female,,,1.31578947,,18.65,,1.9487179487179,122.69736842,152,2,2019-11-01,2019-12-03
"CV - Franchise Lead Generation - Phase II - 3 Nov",Remarketing,"Image-Minimum Investment & Maximum Profit",18-24,female,,,1.36054422,,18.21,,2.3709677419355,123.87755102,147,2,2019-11-01,2019-12-03
"CV - Franchise Lead Generation - Phase II - 3 Nov",Housewives,"Image-Minimum Investment & Maximum Profit",25-34,female,,,0.68027211,,21.22,,1.3738317757009,144.3537415,147,1,2019-11-01,2019-12-03
"CV - Franchise Lead Generation - Phase II - 3 Nov","Business Owners","Image-Minimum Investment & Maximum Profit",65+,male,,,0,,18.20937599375,,2.7307692307692,128.23504221,142,0,2019-11-01,2019-12-03
"CV - Franchise Lead Generation - Phase II - 3 Nov",Housewives,"Image-60+ Franchise Stores across Maharashtra",35-44,female,"On-Facebook leads",1,2.83687943,0.70921985815603,28.26,28.26,1.3823529411765,200.42553191,141,4,2019-11-01,2019-12-03
"CV - Franchise Lead Generation - Phase II - 3 Nov",Remarketing,"Image-60+ Franchise Stores across Maharashtra",25-34,male,,,2.14285714,,23.87,,1.021897810219,170.5,140,3,2019-11-01,2019-12-03
"CV - Franchise Lead Generation - Phase II - 3 Nov",Remarketing,"Video-Own a Chicken Store Today",35-44,female,,,4.28571429,,29.66,,2.5,211.85714286,140,6,2019-11-01,2019-12-03
"CV - Franchise Lead Generation - Phase II - 3 Nov",Remarketing,"Image-No. 1 Franchise Opportunity",35-44,female,,,0.76335878,,21.87,,2.046875,166.94656489,131,1,2019-11-01,2019-12-03
"CV - Franchise Lead Generation - Phase II - 3 Nov",Remarketing,"Image-Minimum Investment & Maximum Profit",25-34,female,,,3.81679389,,21.14,,1.6375,161.3740458,131,5,2019-11-01,2019-12-03
"CV - Franchise Lead Generation - Phase II - 3 Nov",Remarketing,"Image-Minimum Investment & Maximum Profit",25-34,female,,,3.87596899,,14.67,,2.015625,113.72093023,129,5,2019-11-01,2019-12-03
"CV - Franchise Lead Generation - Phase II - 3 Nov",Remarketing,"Video-Own a Chicken Store Today",55-64,male,"On-Facebook leads",1,7.03125,0.78125,28.78,28.78,2.7826086956522,224.84375,128,9,2019-11-01,2019-12-03
"CV - Franchise Lead Generation - Phase II - 3 Nov","Business Owners","Image-Own a Chicken Store Today",55-64,male,,,3.22580645,,27.22,,1.3333333333333,219.51612903,124,4,2019-11-01,2019-12-03
"CV - Franchise Lead Generation - Phase II - 3 Nov",Remarketing,"Image-No. 1 Franchise Opportunity",55-64,male,"On-Facebook leads",2,9.56521739,1.7391304347826,24.41,12.205,2.3958333333333,212.26086957,115,11,2019-11-01,2019-12-03
"CV - Franchise Lead Generation - Phase II - 3 Nov","IT Professionals","Video-No. 1 Franchise Opportunity",55-64,male,"On-Facebook leads",1,4.42477876,0.88495575221239,22.4,22.4,1.5915492957746,198.2300885,113,5,2019-11-01,2019-12-03
"CV - Franchise Lead Generation - Phase II - 3 Nov","Business Owners","Image-60+ Franchise Stores across Maharashtra",65+,male,"On-Facebook leads",1,6.25,0.89285714285714,12.82,12.82,2.6666666666667,114.46428571,112,7,2019-11-01,2019-12-03
"CV - Franchise Lead Generation - Phase II - 3 Nov",Housewives,"Image-60+ Franchise Stores across Maharashtra",25-34,female,"On-Facebook leads",1,4.46428571,0.89285714285714,21.38,21.38,1.3333333333333,190.89285714,112,5,2019-11-01,2019-12-03
"CV - Franchise Lead Generation - Phase II - 3 Nov","Business Owners","Video-No. 1 Franchise Opportunity",35-44,female,,,2.7027027,,23.65,,1.3875,213.06306306,111,3,2019-11-01,2019-12-03
"CV - Franchise Lead Generation - Phase II - 3 Nov","IT Professionals","Image-Partner with us today!",45-54,male,,,0,,15.41,,1.3703703703704,138.82882883,111,0,2019-11-01,2019-12-03
"CV - Franchise Lead Generation - Phase II - 3 Nov",Remarketing,"Image-60+ Franchise Stores across Maharashtra",25-34,female,,,0.90909091,,13.2,,1.5277777777778,120,110,1,2019-11-01,2019-12-03
"CV - Franchise Lead Generation - Phase II - 3 Nov",Remarketing,"Image-Minimum Investment & Maximum Profit",45-54,male,,,1.85185185,,11.83,,1.44,109.53703704,108,2,2019-11-01,2019-12-03
"CV - Franchise Lead Generation - Phase II - 3 Nov","Business Owners","Image-Minimum Investment & Maximum Profit",45-54,female,,,4.6728972,,20.469298549811,,2.0576923076923,191.30185561,107,5,2019-11-01,2019-12-03
"CV - Franchise Lead Generation - Phase II - 3 Nov","IT Professionals","Image-60+ Franchise Stores across Maharashtra",55-64,male,,,1.98019802,,12.59,,1.530303030303,124.65346535,101,2,2019-11-01,2019-12-03
"CV - Franchise Lead Generation - Phase II - 3 Nov",Remarketing,"Image-No. 1 Franchise Opportunity",35-44,female,,,6.18556701,,16.76,,2.0208333333333,172.78350515,97,6,2019-11-01,2019-12-03
"CV - Franchise Lead Generation - Phase II - 3 Nov",Remarketing,"Image-Minimum Investment & Maximum Profit",35-44,female,"On-Facebook leads",1,7.29166667,1.0416666666667,17.03,17.03,1.5,177.39583333,96,7,2019-11-01,2019-12-03
"CV - Franchise Lead Generation - Phase II - 3 Nov",Remarketing,"Image-Minimum Investment & Maximum Profit",55-64,male,,,2.15053763,,20.67,,2.90625,222.25806452,93,2,2019-11-01,2019-12-03
"CV - Franchise Lead Generation - Phase II - 3 Nov",Remarketing,"Image-Minimum Investment & Maximum Profit",55-64,male,,,7.60869565,,18.79,,2,204.23913043,92,7,2019-11-01,2019-12-03
"CV - Franchise Lead Generation - Phase II - 3 Nov",Remarketing,"Image-Minimum Investment & Maximum Profit",45-54,female,,,4.44444444,,13.61,,1.875,151.22222222,90,4,2019-11-01,2019-12-03
"CV - Franchise Lead Generation - Phase II - 3 Nov","Business Owners","Image-No. 1 Franchise Opportunity",45-54,female,"On-Facebook leads",2,8.98876404,2.247191011236,18.43,9.215,1.5344827586207,207.07865169,89,8,2019-11-01,2019-12-03
"CV - Franchise Lead Generation - Phase II - 3 Nov",Housewives,"Video-No. 1 Franchise Opportunity",35-44,female,,,0,,15.05,,1.2253521126761,172.98850575,87,0,2019-11-01,2019-12-03
"CV - Franchise Lead Generation - Phase II - 3 Nov",Remarketing,"Image-60+ Franchise Stores across Maharashtra",35-44,female,,,3.48837209,,10.79,,1.72,125.46511628,86,3,2019-11-01,2019-12-03
"CV - Franchise Lead Generation - Phase II - 3 Nov","Business Owners","Image-No. 1 Franchise Opportunity",65+,male,,,3.57142857,,7.6,,1.8260869565217,90.47619048,84,3,2019-11-01,2019-12-03
"CV - Franchise Lead Generation - Phase II - 3 Nov",Remarketing,"Image-60+ Franchise Stores across Maharashtra",25-34,female,,,1.19047619,,16.76,,1.5555555555556,199.52380952,84,1,2019-11-01,2019-12-03
"CV - Franchise Lead Generation - Phase II - 3 Nov",Remarketing,"Image-60+ Franchise Stores across Maharashtra",35-44,male,,,1.20481928,,11.99,,1,144.45783133,83,1,2019-11-01,2019-12-03
"CV - Franchise Lead Generation - Phase II - 3 Nov","IT Professionals","Image-Minimum Investment & Maximum Profit",45-54,female,,,0,,13.55,,1.7083333333333,165.24390244,82,0,2019-11-01,2019-12-03
"CV - Franchise Lead Generation - Phase II - 3 Nov","IT Professionals","Image-60+ Franchise Stores across Maharashtra",25-34,female,,,1.2195122,,16.67,,1.28125,203.29268293,82,1,2019-11-01,2019-12-03
"CV - Franchise Lead Generation - Phase II - 3 Nov",Remarketing,"Image-Partner with us today!",55-64,male,,,0,,13.02,,2.9285714285714,158.7804878,82,0,2019-11-01,2019-12-03
"CV - Franchise Lead Generation - Phase II - 3 Nov","Business Owners","Video-No. 1 Franchise Opportunity",25-34,female,,,1.2345679,,10.29,,1.5576923076923,127.03703704,81,1,2019-11-01,2019-12-03
"CV - Franchise Lead Generation - Phase II - 3 Nov",Housewives,"Image-Minimum Investment & Maximum Profit",45-54,female,,,1.26582278,,12.71,,1.462962962963,160.88607595,79,1,2019-11-01,2019-12-03
"CV - Franchise Lead Generation - Phase II - 3 Nov","IT Professionals","Video-No. 1 Franchise Opportunity",25-34,female,,,2.63157895,,19.71,,1.3103448275862,259.34210526,76,2,2019-11-01,2019-12-03
"CV - Franchise Lead Generation - Phase II - 3 Nov",Remarketing,"Image-Minimum Investment & Maximum Profit",55-64,male,,,2.63157895,,19.2,,1.7272727272727,252.63157895,76,2,2019-11-01,2019-12-03
"CV - Franchise Lead Generation - Phase II - 3 Nov","Business Owners","Image-Own a Chicken Store Today",35-44,female,,,0,,19.41,,1.134328358209,255.39473684,76,0,2019-11-01,2019-12-03
"CV - Franchise Lead Generation - Phase II - 3 Nov","IT Professionals","Image-60+ Franchise Stores across Maharashtra",65+,male,,,1.33333333,,6.65,,1.7045454545455,88.66666667,75,1,2019-11-01,2019-12-03
"CV - Franchise Lead Generation - Phase II - 3 Nov","IT Professionals","Video-No. 1 Franchise Opportunity",35-44,female,,,1.33333333,,16.56,,1.3888888888889,220.8,75,1,2019-11-01,2019-12-03
"CV - Franchise Lead Generation - Phase II - 3 Nov",Remarketing,"Image-Minimum Investment & Maximum Profit",35-44,female,,,0,,11.04,,1.48,149.18918919,74,0,2019-11-01,2019-12-03
"CV - Franchise Lead Generation - Phase II - 3 Nov",Remarketing,"Image-60+ Franchise Stores across Maharashtra",55-64,male,,,4.10958904,,17.75,,1.7380952380952,243.15068493,73,3,2019-11-01,2019-12-03
"CV - Franchise Lead Generation - Phase II - 3 Nov",Housewives,"Image-No. 1 Franchise Opportunity",35-44,female,,,2.73972603,,11.66,,1.377358490566,159.7260274,73,2,2019-11-01,2019-12-03
"CV - Franchise Lead Generation - Phase II - 3 Nov",Remarketing,"Image-No. 1 Franchise Opportunity",25-34,female,,,8.69565217,,10.12,,1.38,146.66666667,69,6,2019-11-01,2019-12-03
"CV - Franchise Lead Generation - Phase II - 3 Nov",Remarketing,"Video-Own a Chicken Store Today",18-24,female,,,1.47058824,,4.58,,1.8888888888889,67.35294118,68,1,2019-11-01,2019-12-03
"CV - Franchise Lead Generation - Phase II - 3 Nov",Remarketing,"Image-Own a Chicken Store Today",45-54,male,,,4.47761194,,11.14,,1.7179487179487,166.26865672,67,3,2019-11-01,2019-12-03
"CV - Franchise Lead Generation - Phase II - 3 Nov","Business Owners","Image-Own a Chicken Store Today",25-34,female,,,4.54545455,,13.71,,1.3469387755102,207.72727273,66,3,2019-11-01,2019-12-03
"CV - Franchise Lead Generation - Phase II - 3 Nov",Remarketing,"Image-Minimum Investment & Maximum Profit",25-34,female,,,1.51515152,,7.5,,1.4042553191489,113.63636364,66,1,2019-11-01,2019-12-03
"CV - Franchise Lead Generation - Phase II - 3 Nov",Housewives,"Image-60+ Franchise Stores across Maharashtra",45-54,female,,,3.07692308,,11.1,,1.4772727272727,170.76923077,65,2,2019-11-01,2019-12-03
"CV - Franchise Lead Generation - Phase II - 3 Nov","Business Owners","Image-60+ Franchise Stores across Maharashtra",45-54,female,,,4.61538462,,24.21,,1.2037037037037,372.46153846,65,3,2019-11-01,2019-12-03
"CV - Franchise Lead Generation - Phase II - 3 Nov","IT Professionals","Image-60+ Franchise Stores across Maharashtra",35-44,female,,,0,,9.56,,1.4222222222222,149.375,64,0,2019-11-01,2019-12-03
"CV - Franchise Lead Generation - Phase II - 3 Nov","IT Professionals","Image-Own a Chicken Store Today",25-34,female,,,0,,20.14,,1.3404255319149,319.68253968,63,0,2019-11-01,2019-12-03
"CV - Franchise Lead Generation - Phase II - 3 Nov",Remarketing,"Image-No. 1 Franchise Opportunity",18-24,female,,,1.58730159,,8.21,,1.8529411764706,130.31746032,63,1,2019-11-01,2019-12-03
"CV - Franchise Lead Generation - Phase II - 3 Nov","Business Owners","Video-No. 1 Franchise Opportunity",45-54,female,,,1.66666667,,11.05,,1.7647058823529,184.16666667,60,1,2019-11-01,2019-12-03
"CV - Franchise Lead Generation - Phase II - 3 Nov",Remarketing,"Video-Own a Chicken Store Today",45-54,female,,,1.66666667,,8.14,,4.2857142857143,135.66666667,60,1,2019-11-01,2019-12-03
"CV - Franchise Lead Generation - Phase II - 3 Nov",Remarketing,"Image-Minimum Investment & Maximum Profit",18-24,female,"On-Facebook leads",1,5.26315789,1.7543859649123,5.51,5.51,1.3571428571429,96.66666667,57,3,2019-11-01,2019-12-03
"CV - Franchise Lead Generation - Phase II - 3 Nov",Remarketing,"Image-No. 1 Franchise Opportunity",35-44,female,,,3.63636364,,7.72,,1.3414634146341,140.36363636,55,2,2019-11-01,2019-12-03
"CV - Franchise Lead Generation - Phase II - 3 Nov","Business Owners","Image-Own a Chicken Store Today",65+,male,,,0,,3.36,,2.12,63.39622642,53,0,2019-11-01,2019-12-03
"CV - Franchise Lead Generation - Phase II - 3 Nov","IT Professionals","Image-Own a Chicken Store Today",65+,male,,,0,,3.02,,2,58.07692308,52,0,2019-11-01,2019-12-03
"CV - Franchise Lead Generation - Phase II - 3 Nov",Remarketing,"Image-60+ Franchise Stores across Maharashtra",18-24,female,,,0,,6.21,,1.5,121.76470588,51,0,2019-11-01,2019-12-03
"CV - Franchise Lead Generation - Phase II - 3 Nov",Remarketing,"Image-60+ Franchise Stores across Maharashtra",18-24,male,,,0,,5.96,,1.02,116.8627451,51,0,2019-11-01,2019-12-03
"CV - Franchise Lead Generation - Phase II - 3 Nov",Remarketing,"Image-No. 1 Franchise Opportunity",55-64,male,,,6.12244898,,13.98,,1.6333333333333,285.30612245,49,3,2019-11-01,2019-12-03
"CV - Franchise Lead Generation - Phase II - 3 Nov",Remarketing,"Image-Own a Chicken Store Today",25-34,male,,,0,,2.8,,1.0434782608696,58.33333333,48,0,2019-11-01,2019-12-03
"CV - Franchise Lead Generation - Phase II - 3 Nov",Remarketing,"Image-Partner with us today!",45-54,female,"On-Facebook leads",1,8.5106383,2.1276595744681,8.53,8.53,1.46875,181.4893617,47,4,2019-11-01,2019-12-03
"CV - Franchise Lead Generation - Phase II - 3 Nov",Housewives,"Video-No. 1 Franchise Opportunity",25-34,female,,,0,,11.11,,1.3939393939394,241.52173913,46,0,2019-11-01,2019-12-03
"CV - Franchise Lead Generation - Phase II - 3 Nov",Housewives,"Image-No. 1 Franchise Opportunity",25-34,female,,,2.17391304,,6.37,,1.1794871794872,138.47826087,46,1,2019-11-01,2019-12-03
"CV - Franchise Lead Generation - Phase II - 3 Nov",Remarketing,"Image-60+ Franchise Stores across Maharashtra",18-24,female,,,0,,5.19,,1.2222222222222,117.95454545,44,0,2019-11-01,2019-12-03
"CV - Franchise Lead Generation - Phase II - 3 Nov",Remarketing,"Image-No. 1 Franchise Opportunity",65+,male,,,0,,5.72,,4.3,133.02325581,43,0,2019-11-01,2019-12-03
"CV - Franchise Lead Generation - Phase II - 3 Nov",Remarketing,"Image-60+ Franchise Stores across Maharashtra",35-44,female,,,0,,9.6,,1.2352941176471,228.57142857,42,0,2019-11-01,2019-12-03
"CV - Franchise Lead Generation - Phase II - 3 Nov",Remarketing,"Image-Partner with us today!",35-44,unknown,,,0,,6.24,,0,160,39,0,2019-11-01,2019-12-03
"CV - Franchise Lead Generation - Phase II - 3 Nov",Remarketing,"Image-Minimum Investment & Maximum Profit",65+,male,,,2.56410256,,6.62,,4.875,169.74358974,39,1,2019-11-01,2019-12-03
"CV - Franchise Lead Generation - Phase II - 3 Nov",Remarketing,"Image-Own a Chicken Store Today",45-54,male,,,0,,5.78,,1.2333333333333,156.21621622,37,0,2019-11-01,2019-12-03
"CV - Franchise Lead Generation - Phase II - 3 Nov","IT Professionals","Video-No. 1 Franchise Opportunity",65+,male,,,2.77777778,,6.85,,1.6363636363636,190.27777778,36,1,2019-11-01,2019-12-03
"CV - Franchise Lead Generation - Phase II - 3 Nov",Remarketing,"Image-60+ Franchise Stores across Maharashtra",55-64,male,,,0,,5.8,,1.5,161.11111111,36,0,2019-11-01,2019-12-03
"CV - Franchise Lead Generation - Phase II - 3 Nov",Remarketing,"Image-60+ Franchise Stores across Maharashtra",35-44,female,,,2.85714286,,9.84,,1.3461538461538,281.14285714,35,1,2019-11-01,2019-12-03
"CV - Franchise Lead Generation - Phase II - 3 Nov",Remarketing,"Image-No. 1 Franchise Opportunity",45-54,female,,,0,,11.97,,1.375,362.72727273,33,0,2019-11-01,2019-12-03
"CV - Franchise Lead Generation - Phase II - 3 Nov",Housewives,"Video-No. 1 Franchise Opportunity",45-54,female,,,0,,6.61,,1.1851851851852,206.5625,32,0,2019-11-01,2019-12-03
"CV - Franchise Lead Generation - Phase II - 3 Nov",Remarketing,"Image-Minimum Investment & Maximum Profit",35-44,female,,,3.125,,6.07,,1.1851851851852,189.6875,32,1,2019-11-01,2019-12-03
"CV - Franchise Lead Generation - Phase II - 3 Nov","IT Professionals","Image-Partner with us today!",55-64,male,,,0,,3.78,,1.1481481481481,121.93548387,31,0,2019-11-01,2019-12-03
"CV - Franchise Lead Generation - Phase II - 3 Nov",Remarketing,"Image-60+ Franchise Stores across Maharashtra",55-64,male,,,13.33333333,,11.93,,1.25,397.66666667,30,4,2019-11-01,2019-12-03
"CV - Franchise Lead Generation - Phase II - 3 Nov","IT Professionals","Image-Own a Chicken Store Today",35-44,female,,,0,,4.09,,1.1153846153846,141.03448276,29,0,2019-11-01,2019-12-03
"CV - Franchise Lead Generation - Phase II - 3 Nov",Remarketing,"Image-Partner with us today!",65+,male,"On-Facebook leads",1,10.34482759,3.448275862069,4.09,4.09,1.8125,141.03448276,29,3,2019-11-01,2019-12-03
"CV - Franchise Lead Generation - Phase II - 3 Nov",Remarketing,"Image-Own a Chicken Store Today",25-34,female,,,3.44827586,,4.84,,1.2608695652174,166.89655172,29,1,2019-11-01,2019-12-03
"CV - Franchise Lead Generation - Phase II - 3 Nov",Housewives,"Image-No. 1 Franchise Opportunity",45-54,female,,,0,,4.81,,1.3809523809524,165.86206897,29,0,2019-11-01,2019-12-03
"CV - Franchise Lead Generation - Phase II - 3 Nov",Remarketing,"Image-Minimum Investment & Maximum Profit",45-54,female,,,0,,5.52,,1.6875,204.44444444,27,0,2019-11-01,2019-12-03
"CV - Franchise Lead Generation - Phase II - 3 Nov","IT Professionals","Image-Partner with us today!",25-34,female,,,0,,6.47,,1.08,239.62962963,27,0,2019-11-01,2019-12-03
"CV - Franchise Lead Generation - Phase II - 3 Nov",Remarketing,"Image-Own a Chicken Store Today",18-24,male,,,3.7037037,,2.73,,1,101.11111111,27,1,2019-11-01,2019-12-03
"CV - Franchise Lead Generation - Phase II - 3 Nov",Remarketing,"Image-Own a Chicken Store Today",25-34,female,,,0,,5.87,,1.2272727272727,217.40740741,27,0,2019-11-01,2019-12-03
"CV - Franchise Lead Generation - Phase II - 3 Nov","IT Professionals","Image-Own a Chicken Store Today",55-64,male,,,0,,4.3,,1.2857142857143,159.25925926,27,0,2019-11-01,2019-12-03
"CV - Franchise Lead Generation - Phase II - 3 Nov",Remarketing,"Image-Own a Chicken Store Today",18-24,female,,,0,,2.31,,1.4210526315789,85.55555556,27,0,2019-11-01,2019-12-03
"CV - Franchise Lead Generation - Phase II - 3 Nov",Remarketing,"Image-Minimum Investment & Maximum Profit",18-24,female,,,0,,1.52,,1.5625,60.8,25,0,2019-11-01,2019-12-03
"CV - Franchise Lead Generation - Phase II - 3 Nov",Remarketing,"Image-Minimum Investment & Maximum Profit",65+,male,,,4.16666667,,1.47,,6,61.25,24,1,2019-11-01,2019-12-03
"CV - Franchise Lead Generation - Phase II - 3 Nov",Remarketing,"Image-No. 1 Franchise Opportunity",55-64,male,,,0,,5.87,,1.7142857142857,244.58333333,24,0,2019-11-01,2019-12-03
"CV - Franchise Lead Generation - Phase II - 3 Nov",Remarketing,"Image-Minimum Investment & Maximum Profit",18-24,female,,,4.34782609,,1.42,,1,61.73913043,23,1,2019-11-01,2019-12-03
"CV - Franchise Lead Generation - Phase II - 3 Nov",Remarketing,"Image-No. 1 Franchise Opportunity",65+,male,,,0,,0.92,,2.2,41.81818182,22,0,2019-11-01,2019-12-03
"CV - Franchise Lead Generation - Phase II - 3 Nov","IT Professionals","Video-No. 1 Franchise Opportunity",45-54,female,,,0,,7.91,,1.2222222222222,359.54545455,22,0,2019-11-01,2019-12-03
"CV - Franchise Lead Generation - Phase II - 3 Nov","IT Professionals","Image-60+ Franchise Stores across Maharashtra",45-54,female,,,0,,2.67,,1.8333333333333,121.36363636,22,0,2019-11-01,2019-12-03
"CV - Franchise Lead Generation - Phase II - 3 Nov",Remarketing,"Image-60+ Franchise Stores across Maharashtra",45-54,female,,,0,,7.47,,1.375,339.54545455,22,0,2019-11-01,2019-12-03
"CV - Franchise Lead Generation - Phase II - 3 Nov","IT Professionals","Image-Partner with us today!",65+,male,,,0,,0.89,,1.5,42.38095238,21,0,2019-11-01,2019-12-03
"CV - Franchise Lead Generation - Phase II - 3 Nov",Remarketing,"Image-Minimum Investment & Maximum Profit",55-64,male,,,5,,3.42,,1.5384615384615,171,20,1,2019-11-01,2019-12-03
"CV - Franchise Lead Generation - Phase II - 3 Nov",Remarketing,"Image-Partner with us today!",25-34,unknown,,,0,,1.7,,5,85,20,0,2019-11-01,2019-12-03
"CV - Franchise Lead Generation - Phase II - 3 Nov",Remarketing,"Image-Minimum Investment & Maximum Profit",45-54,female,,,0,,4.3,,1.0555555555556,226.31578947,19,0,2019-11-01,2019-12-03
"CV - Franchise Lead Generation - Phase II - 3 Nov",Remarketing,"Image-60+ Franchise Stores across Maharashtra",18-24,female,,,5.26315789,,1.1,,1,57.89473684,19,1,2019-11-01,2019-12-03
"CV - Franchise Lead Generation - Phase II - 3 Nov","Business Owners","Image-Minimum Investment & Maximum Profit",35-44,unknown,,,0,,1.5399472284665,,0,85.5526238,18,0,2019-11-01,2019-12-03
"CV - Franchise Lead Generation - Phase II - 3 Nov",Remarketing,"Image-Minimum Investment & Maximum Profit",65+,male,,,11.11111111,,1.1,,3,61.11111111,18,2,2019-11-01,2019-12-03
"CV - Franchise Lead Generation - Phase II - 3 Nov","IT Professionals","Image-Minimum Investment & Maximum Profit",65+,female,,,0,,1.84,,4.25,108.23529412,17,0,2019-11-01,2019-12-03
"CV - Franchise Lead Generation - Phase II - 3 Nov",Remarketing,"Image-Own a Chicken Store Today",18-24,female,,,0,,1.58,,1.5454545454545,92.94117647,17,0,2019-11-01,2019-12-03
"CV - Franchise Lead Generation - Phase II - 3 Nov",Remarketing,"Image-60+ Franchise Stores across Maharashtra",45-54,female,,,5.88235294,,4.51,,1.4166666666667,265.29411765,17,1,2019-11-01,2019-12-03
"CV - Franchise Lead Generation - Phase II - 3 Nov",Remarketing,"Image-Minimum Investment & Maximum Profit",25-34,unknown,,,0,,1.46,,4.25,85.88235294,17,0,2019-11-01,2019-12-03
"CV - Franchise Lead Generation - Phase II - 3 Nov",Remarketing,"Image-No. 1 Franchise Opportunity",18-24,female,,,17.64705882,,1.22,,1.4166666666667,71.76470588,17,3,2019-11-01,2019-12-03
"CV - Franchise Lead Generation - Phase II - 3 Nov",Remarketing,"Image-No. 1 Franchise Opportunity",45-54,female,,,17.64705882,,3.33,,1.4166666666667,195.88235294,17,3,2019-11-01,2019-12-03
"CV - Franchise Lead Generation - Phase II - 3 Nov","Business Owners","Image-Own a Chicken Store Today",45-54,female,,,18.75,,2.98,,1.0666666666667,186.25,16,3,2019-11-01,2019-12-03
"CV - Franchise Lead Generation - Phase II - 3 Nov",Remarketing,"Video-Own a Chicken Store Today",65+,male,,,0,,0.92,,8,57.5,16,0,2019-11-01,2019-12-03
"CV - Franchise Lead Generation - Phase II - 3 Nov",Remarketing,"Video-Own a Chicken Store Today",35-44,unknown,,,7.14285714,,2.1,,1.75,150,14,1,2019-11-01,2019-12-03
"CV - Franchise Lead Generation - Phase II - 3 Nov",Remarketing,"Image-Own a Chicken Store Today",35-44,female,,,0,,2.11,,1.2727272727273,150.71428571,14,0,2019-11-01,2019-12-03
"CV - Franchise Lead Generation - Phase II - 3 Nov",Remarketing,"Image-Minimum Investment & Maximum Profit",35-44,unknown,,,7.14285714,,0.98,,1.75,70,14,1,2019-11-01,2019-12-03
"CV - Franchise Lead Generation - Phase II - 3 Nov",Remarketing,"Image-No. 1 Franchise Opportunity",45-54,female,,,7.14285714,,3.64,,1.4,260,14,1,2019-11-01,2019-12-03
"CV - Franchise Lead Generation - Phase II - 3 Nov","IT Professionals","Image-Partner with us today!",35-44,female,,,0,,1.82,,1.2727272727273,130,14,0,2019-11-01,2019-12-03
"CV - Franchise Lead Generation - Phase II - 3 Nov",Remarketing,"Image-60+ Franchise Stores across Maharashtra",65+,male,,,0,,0.83,,1.75,59.28571429,14,0,2019-11-01,2019-12-03
"CV - Franchise Lead Generation - Phase II - 3 Nov",Remarketing,"Video-Own a Chicken Store Today",25-34,unknown,,,0,,1.26,,2.1666666666667,96.92307692,13,0,2019-11-01,2019-12-03
"CV - Franchise Lead Generation - Phase II - 3 Nov",Remarketing,"Image-No. 1 Franchise Opportunity",65+,male,,,0,,1.11,,1.625,85.38461538,13,0,2019-11-01,2019-12-03
"CV - Franchise Lead Generation - Phase II - 3 Nov",Remarketing,"Image-60+ Franchise Stores across Maharashtra",65+,male,,,0,,1,,2.1666666666667,76.92307692,13,0,2019-11-01,2019-12-03
"CV - Franchise Lead Generation - Phase II - 3 Nov","Business Owners","Image-Minimum Investment & Maximum Profit",55-64,female,,,0,,2.9998971983113,,1.625,230.76132295,13,0,2019-11-01,2019-12-03
"CV - Franchise Lead Generation - Phase II - 3 Nov","Business Owners","Video-No. 1 Franchise Opportunity",55-64,female,"On-Facebook leads",1,66.66666667,8.3333333333333,7.69,7.69,1,640.83333333,12,8,2019-11-01,2019-12-03
"CV - Franchise Lead Generation - Phase II - 3 Nov",Remarketing,"Image-60+ Franchise Stores across Maharashtra",45-54,male,,,0,,5.19,,1,471.81818182,11,0,2019-11-01,2019-12-03
"CV - Franchise Lead Generation - Phase II - 3 Nov","Business Owners","Image-60+ Franchise Stores across Maharashtra",55-64,female,,,0,,4.86,,1.375,441.81818182,11,0,2019-11-01,2019-12-03
"CV - Franchise Lead Generation - Phase II - 3 Nov",Remarketing,"Image-Own a Chicken Store Today",35-44,male,,,0,,1.44,,1,130.90909091,11,0,2019-11-01,2019-12-03
"CV - Franchise Lead Generation - Phase II - 3 Nov","IT Professionals","Image-Own a Chicken Store Today",45-54,female,"On-Facebook leads",1,27.27272727,9.0909090909091,4.84,4.84,1.2222222222222,440,11,3,2019-11-01,2019-12-03
"CV - Franchise Lead Generation - Phase II - 3 Nov","Business Owners","Image-No. 1 Franchise Opportunity",55-64,female,,,9.09090909,,3.79,,1.375,344.54545455,11,1,2019-11-01,2019-12-03
"CV - Franchise Lead Generation - Phase II - 3 Nov",Remarketing,"Image-No. 1 Franchise Opportunity",35-44,unknown,,,0,,0.48,,1.8333333333333,43.63636364,11,0,2019-11-01,2019-12-03
"CV - Franchise Lead Generation - Phase II - 3 Nov","IT Professionals","Image-Minimum Investment & Maximum Profit",35-44,unknown,,,0,,1.8,,1,163.63636364,11,0,2019-11-01,2019-12-03
"CV - Franchise Lead Generation - Phase II - 3 Nov",Remarketing,"Image-Minimum Investment & Maximum Profit",35-44,unknown,,,20,,0.93,,1.6666666666667,93,10,2,2019-11-01,2019-12-03
"CV - Franchise Lead Generation - Phase II - 3 Nov","Business Owners","Image-60+ Franchise Stores across Maharashtra",65+,female,,,0,,0.46,,1,46,10,0,2019-11-01,2019-12-03
"CV - Franchise Lead Generation - Phase II - 3 Nov",Remarketing,"Image-60+ Franchise Stores across Maharashtra",35-44,unknown,,,0,,1.2,,1.6666666666667,120,10,0,2019-11-01,2019-12-03
"CV - Franchise Lead Generation - Phase II - 3 Nov",Remarketing,"Image-Minimum Investment & Maximum Profit",65+,male,,,0,,1.04,,2.5,104,10,0,2019-11-01,2019-12-03
"CV - Franchise Lead Generation - Phase II - 3 Nov",Remarketing,"Image-60+ Franchise Stores across Maharashtra",45-54,female,,,0,,2.24,,1,224,10,0,2019-11-01,2019-12-03
"CV - Franchise Lead Generation - Phase II - 3 Nov","IT Professionals","Image-Minimum Investment & Maximum Profit",55-64,female,,,0,,4.54,,1,454,10,0,2019-11-01,2019-12-03
"CV - Franchise Lead Generation - Phase II - 3 Nov",Remarketing,"Image-Minimum Investment & Maximum Profit",35-44,unknown,,,0,,1.03,,2.5,103,10,0,2019-11-01,2019-12-03
"CV - Franchise Lead Generation - Phase II - 3 Nov","Business Owners","Image-No. 1 Franchise Opportunity",35-44,unknown,,,0,,0.28,,1.125,31.11111111,9,0,2019-11-01,2019-12-03
"CV - Franchise Lead Generation - Phase II - 3 Nov",Remarketing,"Image-Minimum Investment & Maximum Profit",25-34,unknown,,,0,,0.61,,2.25,67.77777778,9,0,2019-11-01,2019-12-03
"CV - Franchise Lead Generation - Phase II - 3 Nov",Remarketing,"Image-60+ Franchise Stores across Maharashtra",35-44,unknown,,,0,,0.7,,2,87.5,8,0,2019-11-01,2019-12-03
"CV - Franchise Lead Generation - Phase II - 3 Nov","Business Owners","Video-No. 1 Franchise Opportunity",35-44,unknown,,,0,,0.33,,4,41.25,8,0,2019-11-01,2019-12-03
"CV - Franchise Lead Generation - Phase II - 3 Nov","Business Owners","Image-Minimum Investment & Maximum Profit",65+,female,,,0,,0.6799766982839,,2,84.99708729,8,0,2019-11-01,2019-12-03
"CV - Franchise Lead Generation - Phase II - 3 Nov",Remarketing,"Image-60+ Franchise Stores across Maharashtra",65+,male,,,0,,1.29,,2,161.25,8,0,2019-11-01,2019-12-03
"CV - Franchise Lead Generation - Phase II - 3 Nov",Remarketing,"Image-Own a Chicken Store Today",55-64,male,,,0,,3.04,,1.3333333333333,380,8,0,2019-11-01,2019-12-03
"CV - Franchise Lead Generation - Phase II - 3 Nov",Remarketing,"Image-60+ Franchise Stores across Maharashtra",25-34,unknown,,,0,,0.59,,4,73.75,8,0,2019-11-01,2019-12-03
"CV - Franchise Lead Generation - Phase II - 3 Nov",Remarketing,"Image-Own a Chicken Store Today",35-44,female,,,0,,0.66,,1.1666666666667,94.28571429,7,0,2019-11-01,2019-12-03
"CV - Franchise Lead Generation - Phase II - 3 Nov",Remarketing,"Image-Minimum Investment & Maximum Profit",35-44,unknown,,,0,,1.65,,1.75,235.71428571,7,0,2019-11-01,2019-12-03
"CV - Franchise Lead Generation - Phase II - 3 Nov","IT Professionals","Image-Own a Chicken Store Today",25-34,unknown,,,0,,0.96,,3.5,137.14285714,7,0,2019-11-01,2019-12-03
"CV - Franchise Lead Generation - Phase II - 3 Nov",Remarketing,"Image-No. 1 Franchise Opportunity",35-44,unknown,,,0,,0.38,,2.3333333333333,54.28571429,7,0,2019-11-01,2019-12-03
"CV - Franchise Lead Generation - Phase II - 3 Nov","IT Professionals","Image-Minimum Investment & Maximum Profit",25-34,unknown,,,0,,0.58,,1,82.85714286,7,0,2019-11-01,2019-12-03
"CV - Franchise Lead Generation - Phase II - 3 Nov","Business Owners","Image-60+ Franchise Stores across Maharashtra",35-44,unknown,,,0,,0.79,,1.1666666666667,112.85714286,7,0,2019-11-01,2019-12-03
"CV - Franchise Lead Generation - Phase II - 3 Nov",Remarketing,"Image-No. 1 Franchise Opportunity",35-44,unknown,,,0,,0.79,,3,131.66666667,6,0,2019-11-01,2019-12-03
"CV - Franchise Lead Generation - Phase II - 3 Nov",Remarketing,"Image-Own a Chicken Store Today",65+,male,,,0,,2.13,,3,355,6,0,2019-11-01,2019-12-03
"CV - Franchise Lead Generation - Phase II - 3 Nov","IT Professionals","Image-Minimum Investment & Maximum Profit",45-54,unknown,,,0,,0.67,,1.5,111.66666667,6,0,2019-11-01,2019-12-03
"CV - Franchise Lead Generation - Phase II - 3 Nov",Remarketing,"Image-No. 1 Franchise Opportunity",25-34,unknown,,,16.66666667,,0.7,,1.5,116.66666667,6,1,2019-11-01,2019-12-03
"CV - Franchise Lead Generation - Phase II - 3 Nov",Remarketing,"Image-60+ Franchise Stores across Maharashtra",25-34,unknown,,,0,,0.34,,1.5,56.66666667,6,0,2019-11-01,2019-12-03
"CV - Franchise Lead Generation - Phase II - 3 Nov","Business Owners","Image-Own a Chicken Store Today",55-64,female,,,0,,0.7,,1,116.66666667,6,0,2019-11-01,2019-12-03
"CV - Franchise Lead Generation - Phase II - 3 Nov",Remarketing,"Image-Minimum Investment & Maximum Profit",55-64,female,,,0,,2.36,,3,393.33333333,6,0,2019-11-01,2019-12-03
"CV - Franchise Lead Generation - Phase II - 3 Nov",Remarketing,"Image-Minimum Investment & Maximum Profit",65+,female,,,0,,0.95,,0,158.33333333,6,0,2019-11-01,2019-12-03
"CV - Franchise Lead Generation - Phase II - 3 Nov","IT Professionals","Image-60+ Franchise Stores across Maharashtra",55-64,female,,,0,,2.14,,1,428,5,0,2019-11-01,2019-12-03
"CV - Franchise Lead Generation - Phase II - 3 Nov",Remarketing,"Image-No. 1 Franchise Opportunity",25-34,unknown,,,0,,0.54,,1.6666666666667,108,5,0,2019-11-01,2019-12-03
"CV - Franchise Lead Generation - Phase II - 3 Nov",Remarketing,"Image-No. 1 Franchise Opportunity",25-34,unknown,,,0,,0.52,,1.25,104,5,0,2019-11-01,2019-12-03
"CV - Franchise Lead Generation - Phase II - 3 Nov",Remarketing,"Image-60+ Franchise Stores across Maharashtra",25-34,unknown,,,0,,0.81,,2.5,162,5,0,2019-11-01,2019-12-03
"CV - Franchise Lead Generation - Phase II - 3 Nov","IT Professionals","Video-No. 1 Franchise Opportunity",45-54,unknown,,,0,,0.71,,2,177.5,4,0,2019-11-01,2019-12-03
"CV - Franchise Lead Generation - Phase II - 3 Nov",Remarketing,"Image-Minimum Investment & Maximum Profit",45-54,female,,,0,,0.97,,1,242.5,4,0,2019-11-01,2019-12-03
"CV - Franchise Lead Generation - Phase II - 3 Nov","Business Owners","Video-No. 1 Franchise Opportunity",25-34,unknown,,,0,,0.27,,0,67.5,4,0,2019-11-01,2019-12-03
"CV - Franchise Lead Generation - Phase II - 3 Nov",Remarketing,"Image-Own a Chicken Store Today",45-54,male,,,0,,0.34,,1,85,4,0,2019-11-01,2019-12-03
"CV - Franchise Lead Generation - Phase II - 3 Nov","IT Professionals","Video-No. 1 Franchise Opportunity",55-64,female,,,0,,0.87,,1.3333333333333,217.5,4,0,2019-11-01,2019-12-03
"CV - Franchise Lead Generation - Phase II - 3 Nov","IT Professionals","Image-Own a Chicken Store Today",35-44,unknown,"On-Facebook leads",1,75,25,1.62,1.62,4,405,4,3,2019-11-01,2019-12-03
"CV - Franchise Lead Generation - Phase II - 3 Nov","IT Professionals","Image-Partner with us today!",25-34,unknown,,,0,,0.35,,2,87.5,4,0,2019-11-01,2019-12-03
"CV - Franchise Lead Generation - Phase II - 3 Nov",Housewives,"Image-No. 1 Franchise Opportunity",55-64,female,,,0,,0.36,,1,90,4,0,2019-11-01,2019-12-03
"CV - Franchise Lead Generation - Phase II - 3 Nov",Remarketing,"Image-Minimum Investment & Maximum Profit",25-34,unknown,,,0,,0.6,,2,150,4,0,2019-11-01,2019-12-03
"CV - Franchise Lead Generation - Phase II - 3 Nov","IT Professionals","Image-60+ Franchise Stores across Maharashtra",35-44,unknown,,,0,,0.31,,1.3333333333333,77.5,4,0,2019-11-01,2019-12-03
"CV - Franchise Lead Generation - Phase II - 3 Nov",Remarketing,"Image-Minimum Investment & Maximum Profit",45-54,unknown,,,0,,0.94,,2,235,4,0,2019-11-01,2019-12-03
"CV - Franchise Lead Generation - Phase II - 3 Nov",Remarketing,"Image-60+ Franchise Stores across Maharashtra",65+,female,,,0,,0.72,,0,180,4,0,2019-11-01,2019-12-03
"CV - Franchise Lead Generation - Phase II - 3 Nov","Business Owners","Image-60+ Franchise Stores across Maharashtra",25-34,unknown,,,0,,0.49,,0,122.5,4,0,2019-11-01,2019-12-03
"CV - Franchise Lead Generation - Phase II - 3 Nov","Business Owners","Image-No. 1 Franchise Opportunity",65+,female,,,0,,0.39,,0,97.5,4,0,2019-11-01,2019-12-03
"CV - Franchise Lead Generation - Phase II - 3 Nov","IT Professionals","Video-No. 1 Franchise Opportunity",65+,female,,,0,,0.15,,1,50,3,0,2019-11-01,2019-12-03
"CV - Franchise Lead Generation - Phase II - 3 Nov","IT Professionals","Image-Own a Chicken Store Today",55-64,female,,,0,,0.39,,1,130,3,0,2019-11-01,2019-12-03
"CV - Franchise Lead Generation - Phase II - 3 Nov",Remarketing,"Image-60+ Franchise Stores across Maharashtra",25-34,female,,,0,,0.24,,1,80,3,0,2019-11-01,2019-12-03
"CV - Franchise Lead Generation - Phase II - 3 Nov","IT Professionals","Image-Partner with us today!",45-54,female,,,0,,0.45,,1,150,3,0,2019-11-01,2019-12-03
"CV - Franchise Lead Generation - Phase II - 3 Nov",Housewives,"Video-No. 1 Franchise Opportunity",55-64,female,,,0,,0.64,,1.5,213.33333333,3,0,2019-11-01,2019-12-03
"CV - Franchise Lead Generation - Phase II - 3 Nov",Remarketing,"Image-Minimum Investment & Maximum Profit",25-34,unknown,,,0,,0.14,,1.5,46.66666667,3,0,2019-11-01,2019-12-03
"CV - Franchise Lead Generation - Phase II - 3 Nov",Remarketing,"Image-60+ Franchise Stores across Maharashtra",35-44,female,,,0,,0.22,,1,73.33333333,3,0,2019-11-01,2019-12-03
"CV - Franchise Lead Generation - Phase II - 3 Nov","Business Owners","Image-Own a Chicken Store Today",25-34,unknown,,,0,,0.6,,1.5,200,3,0,2019-11-01,2019-12-03
"CV - Franchise Lead Generation - Phase II - 3 Nov",Remarketing,"Image-Partner with us today!",65+,female,,,0,,0.41,,0,136.66666667,3,0,2019-11-01,2019-12-03
"CV - Franchise Lead Generation - Phase II - 3 Nov",Remarketing,"Image-Partner with us today!",55-64,female,,,0,,0.77,,1,256.66666667,3,0,2019-11-01,2019-12-03
"CV - Franchise Lead Generation - Phase II - 3 Nov",Remarketing,"Image-Own a Chicken Store Today",65+,male,,,0,,0.14,,1,46.66666667,3,0,2019-11-01,2019-12-03
"CV - Franchise Lead Generation - Phase II - 3 Nov",Remarketing,"Image-Own a Chicken Store Today",55-64,male,,,0,,1.77,,1,590,3,0,2019-11-01,2019-12-03
"CV - Franchise Lead Generation - Phase II - 3 Nov","Business Owners","Image-Own a Chicken Store Today",35-44,unknown,,,0,,0.17,,1,85,2,0,2019-11-01,2019-12-03
"CV - Franchise Lead Generation - Phase II - 3 Nov",Remarketing,"Image-60+ Franchise Stores across Maharashtra",35-44,unknown,,,0,,0.09,,1,45,2,0,2019-11-01,2019-12-03
"CV - Franchise Lead Generation - Phase II - 3 Nov","Business Owners","Image-Own a Chicken Store Today",65+,female,,,0,,0.03,,1,15,2,0,2019-11-01,2019-12-03
"CV - Franchise Lead Generation - Phase II - 3 Nov",Remarketing,"Image-No. 1 Franchise Opportunity",45-54,unknown,,,0,,0.82,,1,410,2,0,2019-11-01,2019-12-03
"CV - Franchise Lead Generation - Phase II - 3 Nov",Remarketing,"Image-Minimum Investment & Maximum Profit",55-64,female,,,0,,0.68,,0,340,2,0,2019-11-01,2019-12-03
"CV - Franchise Lead Generation - Phase II - 3 Nov",Remarketing,"Image-60+ Franchise Stores across Maharashtra",45-54,unknown,,,0,,0.62,,1,310,2,0,2019-11-01,2019-12-03
"CV - Franchise Lead Generation - Phase II - 3 Nov","Business Owners","Image-Minimum Investment & Maximum Profit",25-34,unknown,,,0,,0.079997258621635,,1,39.99862931,2,0,2019-11-01,2019-12-03
"CV - Franchise Lead Generation - Phase II - 3 Nov",Remarketing,"Image-60+ Franchise Stores across Maharashtra",55-64,female,,,0,,0.73,,1,365,2,0,2019-11-01,2019-12-03
"CV - Franchise Lead Generation - Phase II - 3 Nov",Remarketing,"Image-Minimum Investment & Maximum Profit",45-54,unknown,,,0,,0.45,,1,225,2,0,2019-11-01,2019-12-03
"CV - Franchise Lead Generation - Phase II - 3 Nov",Remarketing,"Image-Own a Chicken Store Today",45-54,female,,,0,,1.49,,1,745,2,0,2019-11-01,2019-12-03
"CV - Franchise Lead Generation - Phase II - 3 Nov",Remarketing,"Image-Own a Chicken Store Today",35-44,unknown,,,0,,0.22,,1,110,2,0,2019-11-01,2019-12-03
"CV - Franchise Lead Generation - Phase II - 3 Nov",Remarketing,"Image-Minimum Investment & Maximum Profit",45-54,unknown,,,0,,2.79,,1,1395,2,0,2019-11-01,2019-12-03
"CV - Franchise Lead Generation - Phase II - 3 Nov",Remarketing,"Image-No. 1 Franchise Opportunity",18-24,unknown,,,0,,0.02,,0,10,2,0,2019-11-01,2019-12-03
"CV - Franchise Lead Generation - Phase II - 3 Nov",Remarketing,"Video-Own a Chicken Store Today",45-54,unknown,,,0,,0.31,,1,155,2,0,2019-11-01,2019-12-03
"CV - Franchise Lead Generation - Phase II - 3 Nov",Remarketing,"Image-Own a Chicken Store Today",65+,female,,,0,,0.27,,2,135,2,0,2019-11-01,2019-12-03
"CV - Franchise Lead Generation - Phase II - 3 Nov","IT Professionals","Image-Partner with us today!",65+,female,,,0,,0.35,,1,175,2,0,2019-11-01,2019-12-03
"CV - Franchise Lead Generation - Phase II - 3 Nov",Remarketing,"Image-60+ Franchise Stores across Maharashtra",55-64,male,,,0,,0.47,,1,235,2,0,2019-11-01,2019-12-03
"CV - Franchise Lead Generation - Phase II - 3 Nov","IT Professionals","Image-Partner with us today!",55-64,female,,,0,,0.65,,2,325,2,0,2019-11-01,2019-12-03
"CV - Franchise Lead Generation - Phase II - 3 Nov","IT Professionals","Video-No. 1 Franchise Opportunity",35-44,unknown,,,0,,0.27,,1,135,2,0,2019-11-01,2019-12-03
"CV - Franchise Lead Generation - Phase II - 3 Nov","Business Owners","Video-No. 1 Franchise Opportunity",65+,female,,,0,,0.12,,1,60,2,0,2019-11-01,2019-12-03
"CV - Franchise Lead Generation - Phase II - 3 Nov",Remarketing,"Video-Own a Chicken Store Today",55-64,female,,,0,,0.6,,1,300,2,0,2019-11-01,2019-12-03
"CV - Franchise Lead Generation - Phase II - 3 Nov",Housewives,"Image-Minimum Investment & Maximum Profit",55-64,female,,,0,,0.07,,1,70,1,0,2019-11-01,2019-12-03
"CV - Franchise Lead Generation - Phase II - 3 Nov","IT Professionals","Image-60+ Franchise Stores across Maharashtra",45-54,unknown,,,0,,0.1,,1,100,1,0,2019-11-01,2019-12-03
"CV - Franchise Lead Generation - Phase II - 3 Nov","IT Professionals","Image-Partner with us today!",45-54,unknown,,,0,,0.04,,1,40,1,0,2019-11-01,2019-12-03
"CV - Franchise Lead Generation - Phase II - 3 Nov","Business Owners","Image-No. 1 Franchise Opportunity",45-54,unknown,,,0,,0.01,,0,10,1,0,2019-11-01,2019-12-03
"CV - Franchise Lead Generation - Phase II - 3 Nov","IT Professionals","Image-60+ Franchise Stores across Maharashtra",65+,female,,,0,,0.01,,1,10,1,0,2019-11-01,2019-12-03
"CV - Franchise Lead Generation - Phase II - 3 Nov",Remarketing,"Image-Own a Chicken Store Today",25-34,unknown,,,0,,0.08,,1,80,1,0,2019-11-01,2019-12-03
"CV - Franchise Lead Generation - Phase II - 3 Nov",Remarketing,"Image-Own a Chicken Store Today",65+,female,,,0,,0,,1,0,1,0,2019-11-01,2019-12-03
"CV - Franchise Lead Generation - Phase II - 3 Nov",Remarketing,"Image-Partner with us today!",45-54,unknown,,,0,,0.01,,0,10,1,0,2019-11-01,2019-12-03
"CV - Franchise Lead Generation - Phase II - 3 Nov",Remarketing,"Image-60+ Franchise Stores across Maharashtra",45-54,unknown,,,0,,0.11,,1,110,1,0,2019-11-01,2019-12-03
"CV - Franchise Lead Generation - Phase II - 3 Nov",Remarketing,"Image-60+ Franchise Stores across Maharashtra",45-54,female,,,0,,0.07,,1,70,1,0,2019-11-01,2019-12-03
"CV - Franchise Lead Generation - Phase II - 3 Nov",Remarketing,"Image-60+ Franchise Stores across Maharashtra",65+,female,,,0,,0.19,,0,190,1,0,2019-11-01,2019-12-03
"CV - Franchise Lead Generation - Phase II - 3 Nov","Business Owners","Video-No. 1 Franchise Opportunity",45-54,unknown,,,0,,0.09,,1,90,1,0,2019-11-01,2019-12-03
"CV - Franchise Lead Generation - Phase II - 3 Nov",Remarketing,"Image-No. 1 Franchise Opportunity",65+,female,,,0,,0.15,,0,150,1,0,2019-11-01,2019-12-03
"CV - Franchise Lead Generation - Phase II - 3 Nov",Remarketing,"Image-No. 1 Franchise Opportunity",65+,female,,,0,,0.2,,0,200,1,0,2019-11-01,2019-12-03
"CV - Franchise Lead Generation - Phase II - 3 Nov","IT Professionals","Image-Own a Chicken Store Today",65+,female,,,0,,0.06,,1,60,1,0,2019-11-01,2019-12-03
"CV - Franchise Lead Generation - Phase II - 3 Nov",Housewives,"Image-60+ Franchise Stores across Maharashtra",55-64,female,,,0,,0.02,,1,20,1,0,2019-11-01,2019-12-03
"CV - Franchise Lead Generation - Phase II - 3 Nov",Remarketing,"Image-60+ Franchise Stores across Maharashtra",45-54,unknown,,,0,,0.45,,1,450,1,0,2019-11-01,2019-12-03
"CV - Franchise Lead Generation - Phase II - 3 Nov","IT Professionals","Video-No. 1 Franchise Opportunity",55-64,unknown,,,0,,0.05,,1,50,1,0,2019-11-01,2019-12-03
"CV - Franchise Lead Generation - Phase II - 3 Nov",Remarketing,"Image-Own a Chicken Store Today",18-24,unknown,,,0,,0.01,,1,10,1,0,2019-11-01,2019-12-03
"CV - Franchise Lead Generation - Phase II - 3 Nov",Remarketing,"Image-No. 1 Franchise Opportunity",45-54,unknown,,,0,,0.15,,1,150,1,0,2019-11-01,2019-12-03
"CV - Franchise Lead Generation - Phase II - 3 Nov","IT Professionals","Video-No. 1 Franchise Opportunity",25-34,unknown,,,0,,0.05,,1,50,1,0,2019-11-01,2019-12-03
"CV - Franchise Lead Generation - Phase II - 3 Nov","IT Professionals","Image-Minimum Investment & Maximum Profit",55-64,unknown,,,0,,0.28,,0,280,1,0,2019-11-01,2019-12-03
"CV - Franchise Lead Generation - Phase II - 3 Nov","IT Professionals","Image-Own a Chicken Store Today",45-54,unknown,,,0,,0.1,,1,100,1,0,2019-11-01,2019-12-03
"CV - Franchise Lead Generation - Phase II - 3 Nov","Business Owners","Image-Minimum Investment & Maximum Profit",45-54,unknown,,,0,,0.059997943966226,,1,59.99794397,1,0,2019-11-01,2019-12-03
"CV - Franchise Lead Generation - Phase II - 3 Nov",Remarketing,"Image-No. 1 Franchise Opportunity",45-54,unknown,,,0,,0.12,,0,120,1,0,2019-11-01,2019-12-03
"CV - Franchise Lead Generation - Phase II - 3 Nov",Remarketing,"Image-Own a Chicken Store Today",45-54,female,,,0,,0.08,,1,80,1,0,2019-11-01,2019-12-03
